

<!-- 
    Author: Grace Niyo
    Last update: 07/22/2024

    A 25-muscle , 5DOF, MuJoCO model of a Rhesus macque arm. This model is baded on the Chan and Moran Rhesus macaque model published here: 
   }@article{chan2006computational,
    title={Computational model of a primate arm: from hand position to joint angles, joint torques and muscle forces},
    author={Chan, Sherwin S and Moran, Daniel W},
    journal={Journal of neural engineering},
    volume={3},
    number={4},
    pages={327},
    year={2006},
    publisher={IOP Publishing}
}
-->
<mujoco model="Rhesus_Macaque_Arm">
    <compiler angle="radian" />
    <option tolerance="1e-10" gravity="0 0 -9.80665" integrator="RK4" />
    <size njmax="50" nconmax="10" />
    <default class="main">
        <joint limited="true" stiffness="0.1" armature="0.0001" damping="0.05" />
        <geom rgba="0.8 0.6 0.4 1" />
        <tendon width="0.001" rgba="0.95 0.3 0.3 1" />
        <general ctrllimited="true" ctrlrange="0 1" dyntype="muscle" gaintype="muscle" biastype="muscle" dynprm="0.01 0.04 0 0 0 0 0 0 0 0" gainprm="0.75 1.05 -1 200 0.5 1.6 1.5 1.3 1.2 0" biasprm="0.75 1.05 -1 200 0.5 1.6 1.5 1.3 1.2 0" />
    </default>
    <asset>
        <texture type="skybox" name="texgeom" builtin="flat" mark="cross" rgb1="1 1 1" rgb2="0.8 0.8 0.8" markrgb="1 1 1" width="127" height="762" />
        <material name="geom" texture="texgeom" texuniform="true" />
        <mesh name="sternum" file="Geometry/sternum.stl" scale="0.001 0.001 0.001" />
        <mesh name="clavicle" file="Geometry/clavicle.stl" scale="0.001 0.001 0.001" />
        <mesh name="scapula" file="Geometry/scapula.stl" scale="0.001 0.001 0.001" />
        <mesh name="humerus" file="Geometry/humerus.stl" scale="0.001 0.001 0.001" />
        <mesh name="ulna" file="Geometry/ulna.stl" scale="0.001 0.001 0.001" />
        <mesh name="radius" file="Geometry/radius.stl" scale="0.001 0.001 0.001" />
        <mesh name="hand" file="Geometry/hand.stl" scale="0.001 0.001 0.001" />
    </asset>
    <worldbody>
        <body name="sternum" pos="0 0 0" quat="0 0 0.707107 0.707107">
            <inertial pos="0.0353994 -0.0199084 -0.051975" quat="0.69703 0.69703 0.11895 0.11895" mass="6.6" diaginertia="0.00108679 0.00104866 4.03003e-05" />
            <geom name="sternum" type="mesh" mesh="sternum" />
            <site name="PI-P1" pos="0.0331677 -0.0140839 -0.04725" size="0.001" rgba="0 0 1 1" />
            <site name="PI-P2" pos="0.0220229 -0.0186303 -0.00738581" size="0.001" rgba="0 0 1 1" />
            <light pos="0 0 4" dir="0 0 -1" diffuse="0.8 0.8 0.8" mode="trackcom" />
            <body name="clavicle" pos="0 0 0">
                <inertial pos="0.014433 0.0124438 -0.0197085" quat="0.932669 -0.237084 -0.229114 0.146381" mass="0" diaginertia="0 0 0" />
                <geom name="clavicle" type="mesh" mesh="clavicle" />
                <site name="DELTant-P1" pos="0.0120089 0.0199837 -0.0123066" size="0.001" rgba="0 0 1 1" />
                <site name="PS-P1" pos="0.0296563 0.00221696 -0.0361728" size="0.001" rgba="0 0 1 1" />
                <site name="PS-P2" pos="0.0204415 -0.0117942 -0.00990533" size="0.001" rgba="0 0 1 1" />
                <body name="scapula" pos="0 0 0">
                    <inertial pos="-0.0230292 -0.00453177 -0.0175288" quat="0.0479958 0.378184 0.306177 0.872312" mass="0" diaginertia="0 0 0" />
                    <geom name="scapula" type="mesh" mesh="scapula" />
                    <site name="BIClh-P1" pos="-0.001415 0.0116716 -0.00421882" size="0.001" rgba="0 0 1 1" />
                    <site name="BICsh-P1" pos="0.005006 0.00403096 -0.00928048" size="0.001" rgba="0 0 1 1" />
                    <site name="CB-P1" pos="0.00568137 0.00332641 -0.00985539" size="0.001" rgba="0 0 1 1" />
                    <site name="CB-P2" pos="0.00752866 -0.00741225 0.00049928" size="0.001" rgba="0 0 1 1" />
                    <site name="DELTant-P2" pos="0.0124096 0.0148434 0.00160382" size="0.001" rgba="0 0 1 1" />
                    <site name="DELTmed-P1" pos="-0.00413097 0.0134429 0.00897914" size="0.001" rgba="0 0 1 1" />
                    <site name="DELTmed-P2" pos="-0.00280437 0.0102632 0.0149334" size="0.001" rgba="0 0 1 1" />
                    <site name="DELTpos-P1" pos="-0.031415 0.00518007 -0.0114773" size="0.001" rgba="0 0 1 1" />
                    <site name="DE-P1" pos="0.00803711 -0.0326048 -0.00556196" size="0.001" rgba="0 0 1 1" />
                    <site name="INFSP-P1" pos="-0.0170813 -0.0336418 -0.0287667" size="0.001" rgba="0 0 1 1" />
                    <site name="LDS-P1" pos="-0.0518049 -0.05647 -0.0490717" size="0.001" rgba="0 0 1 1" />
                    <site name="LDS-P2" pos="-0.0343128 -0.0380677 -0.0208317" size="0.001" rgba="0 0 1 1" />
                    <site name="LDS-P3" pos="-0.0139569 -0.0257503 -0.0102175" size="0.001" rgba="0 0 1 1" />
                    <site name="LDC-P1" pos="-0.0395885 -0.0844117 -0.0400967" size="0.001" rgba="0 0 1 1" />
                    <site name="LDC-P2" pos="-0.0262124 -0.0547087 -0.0179488" size="0.001" rgba="0 0 1 1" />
                    <site name="LDC-P3" pos="-0.00923915 -0.0366063 -0.00847752" size="0.001" rgba="0 0 1 1" />
                    <site name="LDI-P1" pos="-0.02259 -0.117562 -0.0281918" size="0.001" rgba="0 0 1 1" />
                    <site name="LDI-P2" pos="-0.0190108 -0.0726375 -0.0183598" size="0.001" rgba="0 0 1 1" />
                    <site name="LDI-P3" pos="-0.00671568 -0.0475658 -0.00855742" size="0.001" rgba="0 0 1 1" />
                    <site name="SUBSC-P1" pos="-0.0401794 -0.0163557 -0.0434123" size="0.001" rgba="0 0 1 1" />
                    <site name="SUPSP-P1" pos="-0.039969 0.00880497 -0.0325724" size="0.001" rgba="0 0 1 1" />
                    <site name="SUPSP-P2" pos="-0.00702282 0.017184 -0.00390647" size="0.001" rgba="0 0 1 1" />
                    <site name="TMAJ-P1" pos="-0.0448917 -0.0382902 -0.0269176" size="0.001" rgba="0 0 1 1" />
                    <site name="TMAJ-P2" pos="-0.00728912 -0.0192575 -0.00530986" size="0.001" rgba="0 0 1 1" />
                    <site name="TMIN-P1" pos="-0.0333031 -0.0109902 -0.0149465" size="0.001" rgba="0 0 1 1" />
                    <site name="TMIN-P2" pos="-0.0167974 -0.00165682 0.00096117" size="0.001" rgba="0 0 1 1" />
                    <site name="TMIN-P3" pos="-0.0125463 0.00302292 0.0114278" size="0.001" rgba="0 0 1 1" />
                    <site name="TRIlong-P1" pos="-0.0262697 -0.0160721 -0.0101192" size="0.001" rgba="0 0 1 1" />
                    <body name="humerus" pos="0 0.002 0.005">
                        <inertial pos="0 -0.0555 0" mass="0.203" diaginertia="0.000293 0.000173 0.000293" />
                        <joint name="shoulder_adduction" pos="0 0 0" axis="1 0 0" ref="-0.000191986" range="-1.74533 0.872665" />
                        <joint name="shoulder_rotation" pos="0 0 0" axis="0 1 0" ref="0.00802851" range="-1.39626 1.5708" />
                        <joint name="shoulder_flexion" pos="0 0 0" axis="0 0 1" ref="-0.00193732" range="-1.309 1.5708" />
                        <geom name="humerus" type="mesh" mesh="humerus" />
                        <site name="BIClh-P2" pos="0.00834146 0.00619877 -0.00662536" size="0.001" rgba="0 0 1 1" />
                        <site name="BIClh-P3" pos="0.0137371 0.00030917 -0.00251563" size="0.001" rgba="0 0 1 1" />
                        <site name="BIClh-P4" pos="0.0152399 -0.00829801 0.00267377" size="0.001" rgba="0 0 1 1" />
                        <site name="BIClh-P5" pos="0.0173307 -0.0176342 0.00348195" size="0.001" rgba="0 0 1 1" />
                        <site name="BIClh-P6" pos="0.01641 -0.09299 0.00122" size="0.001" rgba="0 0 1 1" />
                        <site name="BICsh-P2" pos="0.0113466 -0.00789496 -0.0088837" size="0.001" rgba="0 0 1 1" />
                        <site name="BICsh-P3" pos="0.0173119 -0.0163882 -0.00667662" size="0.001" rgba="0 0 1 1" />
                        <site name="BICsh-P4" pos="0.01641 -0.09299 0.00122" size="0.001" rgba="0 0 1 1" />
                        <site name="BRA-P1" pos="0.00898936 -0.0531827 0.00609122" size="0.001" rgba="0 0 1 1" />
                        <site name="BRD-P1" pos="0.00241165 -0.0781182 0.00768392" size="0.001" rgba="0 0 1 1" />
                        <site name="CB-P3" pos="0.00537791 -0.0281937 -0.00207885" size="0.001" rgba="0 0 1 1" />
                        <site name="CB-P4" pos="0.0102654 -0.0399106 -0.00060604" size="0.001" rgba="0 0 1 1" />
                        <site name="CB-P5" pos="0.00898831 -0.0531843 0.00609106" size="0.001" rgba="0 0 1 1" />
                        <site name="DELTant-P3" pos="0.0114653 -0.0350968 0.00589031" size="0.001" rgba="0 0 1 1" />
                        <site name="DELTmed-P3" pos="0.0128964 -0.0349655 0.00764048" size="0.001" rgba="0 0 1 1" />
                        <site name="DELTpos-P2" pos="-0.0186943 -0.00808775 0.0133007" size="0.001" rgba="0 0 1 1" />
                        <site name="DELTpos-P3" pos="0.00512701 -0.0344488 0.0103991" size="0.001" rgba="0 0 1 1" />
                        <site name="DE-P2" pos="-0.00192344 -0.0439945 -0.00058018" size="0.001" rgba="0 0 1 1" />
                        <site name="DE-P3" pos="-0.00850242 -0.10306 -0.00470532" size="0.001" rgba="0 0 1 1" />
                        <site name="INFSP-P2" pos="0.00656088 -0.00488467 0.0103085" size="0.001" rgba="0 0 1 1" />
                        <site name="LDS-P4" pos="0.00209131 -0.0269673 0.00787084" size="0.001" rgba="0 0 1 1" />
                        <site name="LDC-P4" pos="0.00227203 -0.0268108 0.00775898" size="0.001" rgba="0 0 1 1" />
                        <site name="LDI-P4" pos="0.00228779 -0.0268855 0.00768377" size="0.001" rgba="0 0 1 1" />
                        <site name="PS-P3" pos="0.00931889 -0.0352931 0.00326588" size="0.001" rgba="0 0 1 1" />
                        <site name="PI-P3" pos="0.00893849 -0.0389993 0.00322279" size="0.001" rgba="0 0 1 1" />
                        <site name="PT-P1" pos="0.00159854 -0.120028 -0.0102318" size="0.001" rgba="0 0 1 1" />
                        <site name="SUBSC-P2" pos="0.00455369 0.00455243 -0.00853652" size="0.001" rgba="0 0 1 1" />
                        <site name="SUP-P1" pos="0.00151058 -0.115482 0.0146201" size="0.001" rgba="0 0 1 1" />
                        <site name="SUPSP-P3" pos="0.0105423 0.00853244 0.00842501" size="0.001" rgba="0 0 1 1" />
                        <site name="TMAJ-P3" pos="0.00884004 -0.0284418 0.00066507" size="0.001" rgba="0 0 1 1" />
                        <site name="TMIN-P4" pos="-0.00295662 0.00754551 0.00927424" size="0.001" rgba="0 0 1 1" />
                        <site name="TRIlat-P1" pos="0.00343606 -0.0120452 0.00817807" size="0.001" rgba="0 0 1 1" />
                        <site name="TRIlat-P2" pos="-0.00661123 -0.0482261 0.00844396" size="0.001" rgba="0 0 1 1" />
                        <site name="TRIlat-P3" pos="-0.0169 -0.10497 -0.00623" size="0.001" rgba="0 0 1 1" />
                        <site name="TRIlong-P2" pos="-0.00945771 -0.0479589 0.00358659" size="0.001" rgba="0 0 1 1" />
                        <site name="TRIlong-P3" pos="-0.0169 -0.10497 -0.00623" size="0.001" rgba="0 0 1 1" />
                        <site name="TRIsho-P1" pos="0.00171795 -0.04211 0.00509713" size="0.001" rgba="0 0 1 1" />
                        <site name="TRIsho-P2" pos="-0.00706469 -0.0728094 -0.00347627" size="0.001" rgba="0 0 1 1" />
                        <site name="TRIsho-P3" pos="-0.0169 -0.10497 -0.00623" size="0.001" rgba="0 0 1 1" />
                        <body name="ulna" pos="0 -0.125 -0.003">
                            <inertial pos="0.004 -0.045 0.004" mass="0.0922" diaginertia="0.000143 2.07e-05 0.000143" />
                            <joint name="elbow_flexion" pos="0 0 0" axis="0 0 1" ref="0.00607375" range="0.349066 2.44346" />
                            <geom name="ulna" type="mesh" mesh="ulna" />
                            <site name="BRA-P2" pos="-0.00689449 -0.0167103 -0.00011849" size="0.001" rgba="0 0 1 1" />
                            <site name="DE-P4" pos="-0.00976546 0.0101558 -0.0070947" size="0.001" rgba="0 0 1 1" />
                            <site name="PQ-P1" pos="-0.00609803 -0.0936326 -0.00163172" size="0.001" rgba="0 0 1 1" />
                            <site name="TRIlat-P4" pos="-0.0159459 0.00881669 -0.00513722" size="0.001" rgba="0 0 1 1" />
                            <site name="TRIlong-P4" pos="-0.0157669 0.00830524 -0.00558853" size="0.001" rgba="0 0 1 1" />
                            <site name="TRIsho-P4" pos="-0.0161454 0.00876453 -0.00503754" size="0.001" rgba="0 0 1 1" />
                            <body name="radius" pos="0 -0.008 0.005">
                                <inertial pos="0.008 -0.045 0.008" mass="0.0618" diaginertia="9.53e-05 1.38e-06 9.53e-05" />
                                <joint name="radial_pronation" pos="0 0 0" axis="0 1 0" ref="-0.0274191" range="-1.5708 1.5708" />
                                <geom name="radius" type="mesh" mesh="radius" />
                                <site name="BIClh-P7" pos="-0.0031344 -0.0226197 -0.00049658" size="0.001" rgba="0 0 1 1" />
                                <site name="BICsh-P5" pos="-0.00313456 -0.0226192 -0.00049636" size="0.001" rgba="0 0 1 1" />
                                <site name="BRD-P2" pos="0.0145975 -0.0292495 0.00077764" size="0.001" rgba="0 0 1 1" />
                                <site name="BRD-P3" pos="0.0176545 -0.132166 0.00106433" size="0.001" rgba="0 0 1 1" />
                                <site name="PQ-P2" pos="0.00821347 -0.0959875 -0.00610373" size="0.001" rgba="0 0 1 1" />
                                <site name="PT-P2" pos="0.00720098 -0.0451973 -0.00693245" size="0.001" rgba="0 0 1 1" />
                                <site name="SUP-P2" pos="0.00675303 -0.031047 -0.00170358" size="0.001" rgba="0 0 1 1" />
                                <body name="hand" pos="0.007 -0.132 -0.0015">
                                    <inertial pos="0.012 -0.025 0.007" mass="0.049" diaginertia="3.82e-05 1.56e-06 3.82e-05" />
                                    <geom name="hand" type="mesh" mesh="hand" />

                                </body>
                            </body>
                        </body>
                    </body>
                </body>
            </body>
        </body>
    </worldbody>
    <contact>
        <exclude body1="sternum" body2="clavicle" />
        <exclude body1="sternum" body2="ulna" />
        <exclude body1="sternum" body2="radius" />
        <exclude body1="clavicle" body2="scapula" />
        <exclude body1="scapula" body2="humerus" />
        <exclude body1="humerus" body2="ulna" />
        <exclude body1="humerus" body2="radius" />
    </contact>
    <equality>
        <weld name="sterno_clavicle" body1="sternum" body2="clavicle" relpose="0 0 0 1 0 0 0" />
        <weld name="clav_scapular" body1="clavicle" body2="scapula" relpose="0 0 0 1 0 0 0" />
    </equality>
    <tendon>
        <spatial name="BIClh_tendon" springlength="8.8e-05">
            <site site="BIClh-P1" />
            <site site="BIClh-P2" />
            <site site="BIClh-P3" />
            <site site="BIClh-P4" />
            <site site="BIClh-P5" />
            <site site="BIClh-P6" />
            <site site="BIClh-P7" />
        </spatial>
        <spatial name="BICsh_tendon" springlength="5.7e-05">
            <site site="BICsh-P1" />
            <site site="BICsh-P2" />
            <site site="BICsh-P3" />
            <site site="BICsh-P4" />
            <site site="BICsh-P5" />
        </spatial>
        <spatial name="BRA_tendon" springlength="2.9e-05">
            <site site="BRA-P1" />
            <site site="BRA-P2" />
        </spatial>
        <spatial name="BRD_tendon" springlength="3.6e-05">
            <site site="BRD-P1" />
            <site site="BRD-P2" />
            <site site="BRD-P3" />
        </spatial>
        <spatial name="CB_tendon" springlength="5.1e-05">
            <site site="CB-P1" />
            <site site="CB-P2" />
            <site site="CB-P3" />
            <site site="CB-P4" />
            <site site="CB-P5" />
        </spatial>
        <spatial name="DELTant_tendon" springlength="3e-05">
            <site site="DELTant-P1" />
            <site site="DELTant-P2" />
            <site site="DELTant-P3" />
        </spatial>
        <spatial name="DELTmed_tendon" springlength="1.9e-05">
            <site site="DELTmed-P1" />
            <site site="DELTmed-P2" />
            <site site="DELTmed-P3" />
        </spatial>
        <spatial name="DELTpos_tendon" springlength="1.5e-05">
            <site site="DELTpos-P1" />
            <site site="DELTpos-P2" />
            <site site="DELTpos-P3" />
        </spatial>
        <spatial name="DE_tendon" springlength="4.4e-05">
            <site site="DE-P1" />
            <site site="DE-P2" />
            <site site="DE-P3" />
            <site site="DE-P4" />
        </spatial>
        <spatial name="INFSP_tendon" springlength="4e-05">
            <site site="INFSP-P1" />
            <site site="INFSP-P2" />
        </spatial>
        <spatial name="LDS_tendon" springlength="0.000113">
            <site site="LDS-P1" />
            <site site="LDS-P2" />
            <site site="LDS-P3" />
            <site site="LDS-P4" />
        </spatial>
        <spatial name="LDC_tendon" springlength="0.000113">
            <site site="LDC-P1" />
            <site site="LDC-P2" />
            <site site="LDC-P3" />
            <site site="LDC-P4" />
        </spatial>
        <spatial name="LDI_tendon" springlength="0.000113">
            <site site="LDI-P1" />
            <site site="LDI-P2" />
            <site site="LDI-P3" />
            <site site="LDI-P4" />
        </spatial>
        <spatial name="PS_tendon" springlength="7e-05">
            <site site="PS-P1" />
            <site site="PS-P2" />
            <site site="PS-P3" />
        </spatial>
        <spatial name="PI_tendon" springlength="7e-05">
            <site site="PI-P1" />
            <site site="PI-P2" />
            <site site="PI-P3" />
        </spatial>
        <spatial name="PQ_tendon" springlength="2e-05">
            <site site="PQ-P1" />
            <site site="PQ-P2" />
        </spatial>
        <spatial name="PT_tendon" springlength="2e-05">
            <site site="PT-P1" />
            <site site="PT-P2" />
        </spatial>
        <spatial name="SUBSC_tendon" springlength="4.1e-05">
            <site site="SUBSC-P1" />
            <site site="SUBSC-P2" />
        </spatial>
        <spatial name="SUP_tendon" springlength="2e-05">
            <site site="SUP-P1" />
            <site site="SUP-P2" />
        </spatial>
        <spatial name="SUPSP_tendon" springlength="2.4e-05">
            <site site="SUPSP-P1" />
            <site site="SUPSP-P2" />
            <site site="SUPSP-P3" />
        </spatial>
        <spatial name="TMAJ_tendon" springlength="2.7e-05">
            <site site="TMAJ-P1" />
            <site site="TMAJ-P2" />
            <site site="TMAJ-P3" />
        </spatial>
        <spatial name="TMIN_tendon" springlength="1.4e-05">
            <site site="TMIN-P1" />
            <site site="TMIN-P2" />
            <site site="TMIN-P3" />
            <site site="TMIN-P4" />
        </spatial>
        <spatial name="TRIlong_tendon" springlength="9.5e-05">
            <site site="TRIlong-P1" />
            <site site="TRIlong-P2" />
            <site site="TRIlong-P3" />
            <site site="TRIlong-P4" />
        </spatial>
        <spatial name="TRIlat_tendon" springlength="9.3e-05">
            <site site="TRIlat-P1" />
            <site site="TRIlat-P2" />
            <site site="TRIlat-P3" />
            <site site="TRIlat-P4" />
        </spatial>
        <spatial name="TRIsho_tendon" springlength="3.2e-05">
            <site site="TRIsho-P1" />
            <site site="TRIsho-P2" />
            <site site="TRIsho-P3" />
            <site site="TRIsho-P4" />
        </spatial>
    </tendon>
    <actuator>
        <general name="BIClh" tendon="BIClh_tendon" lengthrange="0.114507 0.191388" gainprm="0.75 1.05 58 200 0.5 1.6 1.5 1.3 1.2 0" biasprm="0.75 1.05 58 200 0.5 1.6 1.5 1.3 1.2 0"/>
        <general name="BICsh" tendon="BICsh_tendon" lengthrange="0.0980418 0.181723" gainprm="0.75 1.05 38.4 200 0.5 1.6 1.5 1.3 1.2 0" biasprm="0.75 1.05 38.4 200 0.5 1.6 1.5 1.3 1.2 0" />
        <general name="BRA" tendon="BRA_tendon" lengthrange="0.0645747 0.090881" gainprm="0.75 1.05 134.4 200 0.5 1.6 1.5 1.3 1.2 0" biasprm="0.75 1.05 134.4 200 0.5 1.6 1.5 1.3 1.2 0" />
        <general name="BRD" tendon="BRD_tendon" lengthrange="0.117381 0.187929" gainprm="0.75 1.05 38.4 200 0.5 1.6 1.5 1.3 1.2 0" biasprm="0.75 1.05 38.4 200 0.5 1.6 1.5 1.3 1.2 0" />
        <general name="CB" tendon="CB_tendon" lengthrange="0.0586459 0.0843774" gainprm="0.75 1.05 38.4 200 0.5 1.6 1.5 1.3 1.2 0" biasprm="0.75 1.05 38.4 200 0.5 1.6 1.5 1.3 1.2 0" />
        <general name="DELTant" tendon="DELTant_tendon" lengthrange="0.0340449 0.0704008" gainprm="0.75 1.05 134.4 200 0.5 1.6 1.5 1.3 1.2 0" biasprm="0.75 1.05 134.4 200 0.5 1.6 1.5 1.3 1.2 0" />
        <general name="DELTmed" tendon="DELTmed_tendon" lengthrange="0.0317005 0.0581442" gainprm="0.75 1.05 115.2 200 0.5 1.6 1.5 1.3 1.2 0" biasprm="0.75 1.05 115.2 200 0.5 1.6 1.5 1.3 1.2 0" />
        <general name="DELTpos" tendon="DELTpos_tendon" lengthrange="0.0469373 0.0937584" gainprm="0.75 1.05 86.4 200 0.5 1.6 1.5 1.3 1.2 0" biasprm="0.75 1.05 86.4 200 0.5 1.6 1.5 1.3 1.2 0" />
        <general name="DE" tendon="DE_tendon" lengthrange="0.0836074 0.178269" gainprm="0.75 1.05 86.4 200 0.5 1.6 1.5 1.3 1.2 0" biasprm="0.75 1.05 86.4 200 0.5 1.6 1.5 1.3 1.2 0" />
        <general name="INFSP" tendon="INFSP_tendon" lengthrange="0.0413124 0.0651431" gainprm="0.75 1.05 176 200 0.5 1.6 1.5 1.3 1.2 0" biasprm="0.75 1.05 176 200 0.5 1.6 1.5 1.3 1.2 0" />
        <general name="LDS" tendon="LDS_tendon" lengthrange="0.0704474 0.126643" gainprm="0.75 1.05 128 200 0.5 1.6 1.5 1.3 1.2 0" biasprm="0.75 1.05 128 200 0.5 1.6 1.5 1.3 1.2 0" />
        <general name="LDC" tendon="LDC_tendon" lengthrange="0.0798719 0.135878" gainprm="0.75 1.05 128 200 0.5 1.6 1.5 1.3 1.2 0" biasprm="0.75 1.05 128 200 0.5 1.6 1.5 1.3 1.2 0" />
        <general name="LDI" tendon="LDI_tendon" lengthrange="0.0994922 0.1556" gainprm="0.75 1.05 128 200 0.5 1.6 1.5 1.3 1.2 0" biasprm="0.75 1.05 128 200 0.5 1.6 1.5 1.3 1.2 0" />
        <general name="PS" tendon="PS_tendon" lengthrange="0.0390429 0.0966276" gainprm="0.75 1.05 153.6 200 0.5 1.6 1.5 1.3 1.2 0" biasprm="0.75 1.05 153.6 200 0.5 1.6 1.5 1.3 1.2 0" />
        <general name="PI" tendon="PI_tendon" lengthrange="0.0491627 0.114401" gainprm="0.75 1.05 115.2 200 0.5 1.6 1.5 1.3 1.2 0" biasprm="0.75 1.05 115.2 200 0.5 1.6 1.5 1.3 1.2 0" />
        <general name="PQ" tendon="PQ_tendon" lengthrange="0.0104528 0.0218516" gainprm="0.75 1.05 32 200 0.5 1.6 1.5 1.3 1.2 0" biasprm="0.75 1.05 32 200 0.5 1.6 1.5 1.3 1.2 0" />
        <general name="PT" tendon="PT_tendon" lengthrange="0.0484297 0.0606147" gainprm="0.75 1.05 48 200 0.5 1.6 1.5 1.3 1.2 0" biasprm="0.75 1.05 48 200 0.5 1.6 1.5 1.3 1.2 0" />
        <general name="SUBSC" tendon="SUBSC_tendon" lengthrange="0.0548441 0.0757377" gainprm="0.75 1.05 291.2 200 0.5 1.6 1.5 1.3 1.2 0" biasprm="0.75 1.05 291.2 200 0.5 1.6 1.5 1.3 1.2 0" />
        <general name="SUP" tendon="SUP_tendon" lengthrange="0.0315124 0.0516962" gainprm="0.75 1.05 29 200 0.5 1.6 1.5 1.3 1.2 0" biasprm="0.75 1.05 29 200 0.5 1.6 1.5 1.3 1.2 0" />
        <general name="SUPSP" tendon="SUPSP_tendon" lengthrange="0.0474647 0.0793868" gainprm="0.75 1.05 134.4 200 0.5 1.6 1.5 1.3 1.2 0" biasprm="0.75 1.05 134.4 200 0.5 1.6 1.5 1.3 1.2 0" />
        <general name="TMAJ" tendon="TMAJ_tendon" lengthrange="0.0524281 0.101877" gainprm="0.75 1.05 76.8 200 0.5 1.6 1.5 1.3 1.2 0" biasprm="0.75 1.05 76.8 200 0.5 1.6 1.5 1.3 1.2 0" />
        <general name="TMIN" tendon="TMIN_tendon" lengthrange="0.0387967 0.0634275" gainprm="0.75 1.05 86.4 200 0.5 1.6 1.5 1.3 1.2 0" biasprm="0.75 1.05 86.4 200 0.5 1.6 1.5 1.3 1.2 0" />
        <general name="TRIlat" tendon="TRIlat_tendon" lengthrange="0.114277 0.140915" gainprm="0.75 1.05 134.4 200 0.5 1.6 1.5 1.3 1.2 0" biasprm="0.75 1.05 134.4 200 0.5 1.6 1.5 1.3 1.2 0" />
        <general name="TRIlong" tendon="TRIlong_tendon" lengthrange="0.0897263 0.186185" gainprm="0.75 1.05 115.2 200 0.5 1.6 1.5 1.3 1.2 0" biasprm="0.75 1.05 115.2 200 0.5 1.6 1.5 1.3 1.2 0" />
        <general name="TRIsho" tendon="TRIsho_tendon" lengthrange="0.0841403 0.110833" gainprm="0.75 1.05 134.4 200 0.5 1.6 1.5 1.3 1.2 0" biasprm="0.75 1.05 134.4 200 0.5 1.6 1.5 1.3 1.2 0" />
    </actuator>
</mujoco>
